<?xml version="1.0" encoding="UTF-8"?>
<root>
  <item name="com.segway.robot.sdk.vision.Vision com.segway.robot.sdk.vision.stream.StreamInfo getStreamInfo(int) 0">
    <annotation name="android.support.annotation.IntDef">
      <val name="flag" val="false" />
      <val name="value" val="{com.segway.robot.sdk.vision.stream.StreamType.COLOR, com.segway.robot.sdk.vision.stream.StreamType.DEPTH, com.segway.robot.sdk.vision.stream.StreamType.FISH_EYE}" />
    </annotation>
  </item>
  <item name="com.segway.robot.sdk.vision.Vision void startListenFrame(int, com.segway.robot.sdk.vision.Vision.FrameListener) 0">
    <annotation name="android.support.annotation.IntDef">
      <val name="flag" val="false" />
      <val name="value" val="{com.segway.robot.sdk.vision.stream.StreamType.COLOR, com.segway.robot.sdk.vision.stream.StreamType.DEPTH, com.segway.robot.sdk.vision.stream.StreamType.FISH_EYE}" />
    </annotation>
  </item>
  <item name="com.segway.robot.sdk.vision.Vision void startPreview(int, android.view.Surface) 0">
    <annotation name="android.support.annotation.IntDef">
      <val name="flag" val="false" />
      <val name="value" val="{com.segway.robot.sdk.vision.stream.StreamType.COLOR, com.segway.robot.sdk.vision.stream.StreamType.DEPTH, com.segway.robot.sdk.vision.stream.StreamType.FISH_EYE}" />
    </annotation>
  </item>
  <item name="com.segway.robot.sdk.vision.Vision void stopListenFrame(int) 0">
    <annotation name="android.support.annotation.IntDef">
      <val name="flag" val="false" />
      <val name="value" val="{com.segway.robot.sdk.vision.stream.StreamType.COLOR, com.segway.robot.sdk.vision.stream.StreamType.DEPTH, com.segway.robot.sdk.vision.stream.StreamType.FISH_EYE}" />
    </annotation>
  </item>
  <item name="com.segway.robot.sdk.vision.Vision void stopPreview(int) 0">
    <annotation name="android.support.annotation.IntDef">
      <val name="flag" val="false" />
      <val name="value" val="{com.segway.robot.sdk.vision.stream.StreamType.COLOR, com.segway.robot.sdk.vision.stream.StreamType.DEPTH, com.segway.robot.sdk.vision.stream.StreamType.FISH_EYE}" />
    </annotation>
  </item>
  <item name="com.segway.robot.sdk.vision.Vision.FrameListener void onNewFrame(int, com.segway.robot.sdk.vision.frame.Frame) 0">
    <annotation name="android.support.annotation.IntDef">
      <val name="flag" val="false" />
      <val name="value" val="{com.segway.robot.sdk.vision.stream.StreamType.COLOR, com.segway.robot.sdk.vision.stream.StreamType.DEPTH, com.segway.robot.sdk.vision.stream.StreamType.FISH_EYE}" />
    </annotation>
  </item>
  <item name="com.segway.robot.sdk.vision.VisionServiceManager com.segway.robot.sdk.vision.frame.Frame getLatestFrameForStream(int, long) 0">
    <annotation name="android.support.annotation.IntDef">
      <val name="flag" val="false" />
      <val name="value" val="{com.segway.robot.sdk.vision.stream.StreamType.COLOR, com.segway.robot.sdk.vision.stream.StreamType.DEPTH, com.segway.robot.sdk.vision.stream.StreamType.FISH_EYE}" />
    </annotation>
  </item>
  <item name="com.segway.robot.sdk.vision.VisionServiceManager void enableStream(int, int, int, int) 0">
    <annotation name="android.support.annotation.IntDef">
      <val name="flag" val="false" />
      <val name="value" val="{com.segway.robot.sdk.vision.stream.StreamType.COLOR, com.segway.robot.sdk.vision.stream.StreamType.DEPTH, com.segway.robot.sdk.vision.stream.StreamType.FISH_EYE}" />
    </annotation>
  </item>
  <item name="com.segway.robot.sdk.vision.VisionServiceManager void enableStream(int, int, int, int) 1">
    <annotation name="android.support.annotation.IntDef">
      <val name="value" val="{com.segway.robot.sdk.vision.stream.Resolution.Color.R_320_240, com.segway.robot.sdk.vision.stream.Resolution.Color.R_480_320, com.segway.robot.sdk.vision.stream.Resolution.Color.R_640_480, com.segway.robot.sdk.vision.stream.Resolution.Color.R_1280_720, com.segway.robot.sdk.vision.stream.Resolution.Color.R_1920_1080, com.segway.robot.sdk.vision.stream.Resolution.Depth.R_320_240, com.segway.robot.sdk.vision.stream.Resolution.Depth.R_480_360, com.segway.robot.sdk.vision.stream.Resolution.Depth.R_628_468, com.segway.robot.sdk.vision.stream.Resolution.FishEye.R_640_480}" />
    </annotation>
  </item>
  <item name="com.segway.robot.sdk.vision.VisionServiceManager void enableStream(int, int, int, int) 2">
    <annotation name="android.support.annotation.IntDef">
      <val name="value" val="{com.segway.robot.sdk.vision.stream.FrameRate.FPS_30, com.segway.robot.sdk.vision.stream.FrameRate.FPS_60}" />
    </annotation>
  </item>
  <item name="com.segway.robot.sdk.vision.VisionServiceManager void enableStream(int, int, int, int) 3">
    <annotation name="android.support.annotation.IntDef">
      <val name="value" val="{com.segway.robot.sdk.vision.stream.PixelFormat.RGBA8888, com.segway.robot.sdk.vision.stream.PixelFormat.Z16, com.segway.robot.sdk.vision.stream.PixelFormat.YV12, com.segway.robot.sdk.vision.stream.PixelFormat.A8}" />
    </annotation>
  </item>
</root>

